Workbook

Sheet Dashboard
A1: Suivi de Stage — Tableau de Bord
A2: Mis à jour le 13/04/2026
A4: Catégorie | B4: Total | C4: Terminées | D4: En cours | E4: A faire | F4: Progression moy. (%)
A5: Science & Recherche | B5: =COUNTA(Science!A:A)-1 | C5: =COUNTIF(Science!D:D,"Terminé") | D5: =COUNTIF(Science!D:D,"En cours") | E5: =COUNTIF(Science!D:D,"À faire") | F5: =IFERROR(AVERAGEIF(Science!D:D,"<>Statut",Science!E:E)/100,0)
A6: App Shiny & Code | B6: =COUNTA('App Shiny Code'!A:A)-1 | C6: =COUNTIF('App Shiny Code'!D:D,"Terminé") | D6: =COUNTIF('App Shiny Code'!D:D,"En cours") | E6: =COUNTIF('App Shiny Code'!D:D,"À faire") | F6: =IFERROR(AVERAGEIF('App Shiny Code'!D:D,"<>Statut",'App Shiny Code'!E:E)/100,0)
A7: Documentation | B7: =COUNTA(Documentation!A:A)-1 | C7: =COUNTIF(Documentation!D:D,"Terminé") | D7: =COUNTIF(Documentation!D:D,"En cours") | E7: =COUNTIF(Documentation!D:D,"À faire") | F7: =IFERROR(AVERAGEIF(Documentation!D:D,"<>Statut",Documentation!E:E)/100,0)
A8: Suite de carrière | B8: =COUNTA('Suite Carriere'!A:A)-1 | C8: =COUNTIF('Suite Carriere'!D:D,"Terminé") | D8: =COUNTIF('Suite Carriere'!D:D,"En cours") | E8: =COUNTIF('Suite Carriere'!D:D,"À faire") | F8: =IFERROR(AVERAGEIF('Suite Carriere'!D:D,"<>Statut",'Suite Carriere'!E:E)/100,0)
A9: TOTAL | B9: =SUM(B5:B8) | C9: =SUM(C5:C8) | D9: =SUM(D5:D8) | E9: =SUM(E5:E8) | F9: =IFERROR(AVERAGE(F5:F8),0)
A11: Taches actives (En cours + A faire)
A12: Catégorie | B12: Projet / Thème | C12: Tâche | D12: Statut | E12: Priorité | F12: Progression (%) | G12: Avancement | H12: Prochaines étapes
A13: Science & Recherche | B13: Frexa - BAY0130 | C13: Réaliser l’évaluation du Frexa | D13: En cours | E13: Haute | F13: 90 | G13: baseline FIM ok /// SSE validation 24 configs -> FOCEI+FT1+VC0 recommande (79%) /// dataset SoA corrige (ISC, 80 patients) | H13: optimisation MAXEVAL>0 sur SoA ; CTS N=200 validation finale
A14: Science & Recherche | B14: Frexa - BAY0130 | C14: Choisir les algorithmes pertinents (simplex ? Fedorov ? Etc) | D14: En cours | E14: Haute | F14: 50 | G14: taxonomie complète $DESIGN en 8 groupes (A-H) faite /// algos : NELDER (déterministe), RS/STGR (stochastiques), FEDOROV/... | H14: lancer premiers runs d'optimisation sur frexalimab PSM
A15: Science & Recherche | B15: POH1224 | C15: $DESIGN frexa EFC18098 = éval sur NM | D15: En cours | E15: Moyenne | F15: 30 | G15: Trouver la pop virtuelle pour refaire eval sur modele final - introuvable :( /// update 19/03 : ai-je vraiment besoin de... | H15: EN STAND BY
A16: Science & Recherche | B16: Contrôle qualité FIM | C16: CTS N=200 : validation RSE FIM vs empirique | D16: À faire | E16: Moyenne | F16: 0 | G16: protocole défini : FOCEI, N=200, rapporter taux convergence + CI RSE (2.5-97.5%) + boundary hits /// critère : RSE FIM d... | H16: lancer sur frexalimab PSM propre (avec ISC)
A17: Science & Recherche | B17: Frexa - Science | C17: Runs d'optimisation MAXEVAL>0 sur frexalimab | D17: À faire | E17: Moyenne | F17: 0 | G17: stratégie : optimiser en FO (rapide) puis évaluer en FOCEI+trick (réaliste) /// algo : RS→STGR→NELDER chaîné, D-optimali... | H17: lancer premiers runs ; comparer NELDER seul vs chaîné
A18: Science & Recherche | B18: Contrôle qualité FIM | C18: Positive control : répliquer sur warfarin (Bauer ex1) | D18: À faire | E18: Moyenne | F18: 0 | G18: sanity check : reproduire RSE Bauer 2021 sur warfarin ex1 avec notre setup | H18: à faire avant CTS frexalimab
A19: Suite de carrière | B19: Suite de la vie | C19: Candidature Roche Bâle (stage/emploi) | D19: En cours | E19: Haute | F19: 60 | G19: CV + cover letter prêts (4 variantes) /// offre : Biostatistician Intern Basel 4-6 months | H19: soumettre la candidature
A20: Suite de carrière | B20: Suite de la vie | C20: Apply PhD | D20: À faire | E20: Moyenne | F20: 0 | G20: https://www.linkedin.com/posts/angelique-perrillat_principal-phd-modeling-activity-7444639890597806080-cC_i?utm_source=s... | H20: nan
A21: Suite de carrière | B21: Suite de la vie | C21: Apply M2 | D21: À faire | E21: Moyenne | F21: 0 | G21: M2 PK UPC / M2 labo MENTRE | H21: nan
A22: Suite de carrière | B22: Suite de la vie | C22: Apply Interships | D22: À faire | E22: Moyenne | F22: 0 | G22: https://careers.roche.com/global/en/job/ROCHGLOBAL202603107265EXTERNALENGLOBAL/Biostatistician-Intern-Basel-4-6-months?u... | H22: nan

Sheet Science
A1: Science & Recherche
A2: Date | B2: Projet / Thème | C2: Tâche | D2: Statut | E2: Priorité | F2: Progression (%) | G2: Avancement | H2: Commentaires Elisa | I2: Prochaines étapes
A3: 26-févr | B3: Frexa - BAY0130 | C3: Rédiger la méthodologie de recherche | D3: Terminé | E3: Basse | F3: 100 | G3: Lecture de docs existantes | I3: Présenter à Elisa
A4: 26-févr | B4: Frexa - BAY0130 | C4: Définir l'objectif de recherche | D4: Terminé | E4: Basse | F4: 100 | G4: A revoir encore et encore | I4: Présenter à Elisa
A5: 26-févr | B5: Frexa - BAY0130 | C5: Réaliser l’évaluation du Frexa | D5: En cours | E5: 90 | F5: 80 | G5: baseline FIM complete (PSM+complet) /// SSE validation 24 configs (3 APPROX x 4 FT x 2 VC) -> config recommandee : FOCEI+FT1+VC0 (79%, 11/14 params dans +/-20%) /// VARCROSS rule validee : W=SQRT(a+b*IPRED2)->VC0, W=a+b*IPRED->VC1 /// dataset SoA corrige (ISC ajoute, 2 bras SC/IV, 80 patients) /// 3 params hors-cible structurels : Q (0.58), KA (0.67), OM(CL,VC) (0.43) | I5: optimisation MAXEVAL>0 sur SoA dataset ; CTS N=200 pour validation finale
A6: 26-févr | B6: Frexa - BAY0130 | C6: Choix implémentation (R/Shiny) | D6: Terminé | E6: Basse | F6: 100 | G6: V1 Shiny | I6: Présenter à Elisa
A7: 26-févr | B7: Frexa - BAY0130 | C7: Choix implémentation (R/Shiny) | D7: Terminé | E7: Basse | F7: 99 | G7: V2 Shiny | I7: Présenter à Elisa
A8: 26-févr | B8: Frexa - BAY0130 | C8: Revue littérature covariables (cat. & cont.) | D8: Terminé | E8: Basse | F8: 100 | G8: Webinaire de RJB / Papiers de LF | I8: Présenter à Elisa
A9: 26-févr | B9: Frexa - BAY0130 | C9: Choisir les algorithmes pertinents (simplex ? Fedorov ? Etc) | D9: En cours | E9: Haute | F9: 50 | G9: taxonomie complète $DESIGN en 8 groupes (A-H) faite /// algos : NELDER (déterministe), RS/STGR (stochastiques), FEDOROV/DISCRETE (discret) /// chaînage RS→STGR→NELDER = recommandation Manuel NM l.7865 /// premiers runs MAXEVAL>0 pas encore lancés | I9: lancer premiers runs d'optimisation sur frexalimab PSM
A10: 2026-03-06 | B10: POH1224 | C10: $DESIGN frexa EFC18098 = éval sur NM | D10: En cours | E10: Moyenne | F10: 30 | G10: Trouver la pop virtuelle pour refaire eval sur modele final - introuvable :( /// update 19/03 : ai-je vraiment besoin de la pop virtuelle ? /// update : N:\MtpProject\sar441344\SIM0576\copula\Asian_only | I10: EN STAND BY
A11: 2026-03-26 | B11: Frexa - Science | C11: Exploration FIMTYPE × VARCROSS complète (frexalimab) | D11: Terminé | E11: Basse | F11: 100 | G11: testé FT 0/1/2/3 × VC 0/1 sur modèle complet /// FT=2+VC=1 = référence (seule combi cohérente avec erreur combinée) /// FT=1 : RSE absurdes (hypothèse C indép. de θ violée) /// FT=3 : FIM singulière sur frexalimab | I11: valider par CTS ; tester sur modèle PSM
A12: 2026-03-31 | B12: Frexa - Science | C12: Exploration APPROX sur PSM (6 combinaisons) | D12: Terminé | E12: Basse | F12: 100 | G12: FT=2 × (FO/FOCE/FOCEI) × (VC=0/1) : meilleure = FOCEI+VC=1 (D-eff +78% vs FO) /// THETAs bons partout (6-28%) /// OMEGAs mauvais partout → dataset PSM sans ISC, à refaire | I12: refaire dataset PSM avec ISC ; relancer même grille
A13: 2026-04-01 | B13: Frexa - Science | C13: Trick FOCEI (REPL+$SIM) : implémenté et validé | D13: Terminé | E13: Basse | F13: 100 | G13: $DATA REPL=100 + $SIM + GROUPSIZE=0.4 + MODE=0 /// CL 11%→5%, OMEGA(2,1) 211%→45%, OMEGA(5,5) 91%→48%, OFV -102.81→-107.15 /// MODE=0≈MODE=2 (OMEGAs identiques), MODE=1 = FIM singulière | I13: comparer trick vs y-expectation par CTS
A14: 2026-04-01 | B14: Frexa - Science | C14: Taxonomie complète options $DESIGN (8 groupes A-H) | D14: Terminé | E14: Basse | F14: 100 | G14: groupes A-H : FIM / APPROX / erreur / algos / critères / séquentiel / robuste / avancé /// facteurs d'exploration : FIMTYPE × APPROX × Algo × OFVTYPE × Fenêtres | I14: débuter exploration systématique
A15: 2026-04-01 | B15: Contrôle qualité FIM | C15: CTS N=200 : validation RSE FIM vs empirique | D15: À faire | E15: Moyenne | F15: 0 | G15: protocole défini : FOCEI, N=200, rapporter taux convergence + CI RSE (2.5-97.5%) + boundary hits /// critère : RSE FIM dans ±20% du RSE CTS pour ≥80% des paramètres | I15: lancer sur frexalimab PSM propre (avec ISC)
A16: 2026-04-01 | B16: Frexa - Science | C16: Runs d'optimisation MAXEVAL>0 sur frexalimab | D16: À faire | E16: Moyenne | F16: 0 | G16: stratégie : optimiser en FO (rapide) puis évaluer en FOCEI+trick (réaliste) /// algo : RS→STGR→NELDER chaîné, D-optimalité en premier | I16: lancer premiers runs ; comparer NELDER seul vs chaîné
A17: 2026-04-28 | B17: Contrôle qualité FIM | C17: Positive control : répliquer sur warfarin (Bauer ex1) | D17: À faire | E17: Moyenne | F17: 0 | G17: sanity check : reproduire RSE Bauer 2021 sur warfarin ex1 avec notre setup | I17: à faire avant CTS frexalimab
... A20: 2026-04-08 | B20: Congres junior | C20: Preparer slides congres 28 mai (5 slides) | D20: En cours | E20: Haute | F20: 60 | G20: pptx cree avec resultats FIM frexalimab, SSE validation, guide $DESIGN | I20: finaliser avec feedback Elisa

Sheet App Shiny Code
A1: App Shiny & Code
A2: Date | B2: Projet / Thème | C2: Tâche | D2: Statut | E2: Priorité | F2: Progression (%) | G2: Avancement | H2: Commentaires Elisa | I2: Prochaines étapes
A3: 26-févr | B3: Scripts NM | C3: Script bash nettoyage auto (nmrun75 / nmrun76s) | D3: Terminé | E3: Basse | F3: 100 | G3: Mise en place nmrun75 & nmrun76s qui nettoient les fichiers inutilisés | I3: Documenter l’usage
A4: 2026-02-27 | B4: Scripts R | C4: Script R - lecture fichier .ext | D4: Terminé | E4: Basse | F4: 100 | G4: Script lecture .ext et prior résumé | I4: Fini
A5: 2026-03-15 | B5: App Shiny | C5: App Shiny V5.1 post-processing $DESIGN | D5: V5.1 sur main (commit 3de476e) /// V4 -> V5.0 (Home page, kill drawer, English labels) -> V5.1 (navbarPage, Home redesign, CSS cleanup) /// 14 modules, 175 tests unitaires /// Power/NSN Wald + TOST equivalence, convergence steps, scatter FIM vs SSE /// compatible RStudio Server R 4.2.0 | E5: Basse | F5: 100 | G5: V5.1 sur main /// navbarPage migration, Home two-column layout, Compare integre, settings_bar dans mod_times/mod_power, detect_method() /// refonte V5.0 : Home landing page, kill drawer, English labels, rename DE$IGN EXPLORER | I5: stabiliser sur serveur Sanofi ; V6 editeur .ctl
A6: 2026-04-07 | B6: App Shiny | C6: V4.4.0 - Power / NSN (Wald) | D6: Terminé | E6: Basse | F6: 100 | G6: module Power/NSN : compute_power_wald(), compute_n_needed(), plot_power_curve() /// tab Puissance (colore vert/orange/rouge) + tab NSN avec courbe Power(N) /// parse_groupsize() auto-rempli depuis .ctl /// 28 nouveaux tests (151 total) | I6: fait - PR #37
A7: 2026-04-08 | B7: App Shiny | C7: V4.5.0 - TOST equivalence | D7: Terminé | E7: Basse | F7: 100 | G7: test TOST (PFIM eq. 4-7) : compute_power_tost(), compute_nsn_tost() /// tab Equivalence (TOST) avec detection hors-marge, courbe Power(N) violette /// N total editable dans Power tab + encadres explicatifs Wald/TOST /// 17 nouveaux tests (175 total) | I7: fait - PR #38
A8: 2026-04-08 | B8: App Shiny | C8: Refactor split parse_design_outputs.R | D8: Terminé | E8: Basse | F8: 100 | G8: split 1268 lignes / 34 fonctions en 5 fichiers : design_utils, design_io, design_metrics, design_summary, ctl_parsers /// max 425 lignes, 0 changement API | I8: fait - PR #39
A9: 2026-04-10 | B9: App Shiny | C9: V4.5.2 - SSE validation + convergence steps | D9: Terminé | E9: Basse | F9: 100 | G9: module SSE Validation (scatter FIM vs SSE, CI 95%, D-criterion, methodologie Fayette 2025) /// convergence steps (detection RS/STGR/NELDER, step chart par phase) /// PK timeline : hard cap 4 facettes, toggle h/j /// fix launch.browser=TRUE (bug RStudio viewer) | I9: fait - PR #41 + commits directs

Sheet Documentation
A1: Documentation
A2: Date | B2: Projet / Thème | C2: Tâche | D2: Statut | E2: Priorité | F2: Progression (%) | G2: Avancement | H2: Commentaires Elisa | I2: Prochaines étapes
A3: 2026-03-02 | B3: Guidance | C3: Vérifier dernières guidances FDA/EMA sur le design | D3: Terminé | E3: Basse | F3: 100 | G3: EMA 2008 / FDA 2022 | I3: Présenter à Elisa

Sheet Suite Carriere
A1: Suite de carrière
A2: Date | B2: Projet / Thème | C2: Tâche | D2: Statut | E2: Priorité | F2: Progression (%) | G2: Avancement | H2: Commentaires Elisa | I2: Prochaines étapes
A3: 2026-03-18 | B3: Suite de la vie | C3: Apply PhD | D3: À faire | E3: Moyenne | F3: 0 | G3: https://www.linkedin.com/posts/angelique-perrillat_principal-phd-modeling-activity-7444639890597806080-cC_i?utm_source=share&utm_medium=member_desktop&rcm=ACoAAB-hGfwBY-zEk-dTA3WEEF4HexIB34d02Hg | I3: nan
A4: 2026-03-18 | B4: Suite de la vie | C4: Apply M2 | D4: À faire | E4: Moyenne | F4: 0 | G4: M2 PK UPC / M2 labo MENTRE | I4: nan
A5: 2026-03-18 | B5: Suite de la vie | C5: Apply Interships | D5: À faire | E5: Moyenne | F5: 0 | G5: https://careers.roche.com/global/en/job/ROCHGLOBAL202603107265EXTERNALENGLOBAL/Biostatistician-Intern-Basel-4-6-months?utm_source=linkedin&utm_medium=phenom-feeds | I5: nan
A6: 2026-03-18 | B6: Suite de la vie | C6: Abstract contrès junior (28 mai 2026) | D6: Terminé | E6: Basse | F6: 100 | G6: accepté (validation Sanofi legal) /// présentation orale 5 min, public non-spécialiste /// thème : évaluation FIM rapide vs CTS + guide pratique $DESIGN | I6: préparer les 5 slides
A7: 2026-03-18 | B7: Suite de la vie | C7: Candidature Roche Bâle (stage/emploi) | D7: En cours | E7: Haute | F7: 60 | G7: CV + cover letter prêts (4 variantes) /// offre : Biostatistician Intern Basel 4-6 months | I7: soumettre la candidature

Sheet Changelog App
A1: Changelog App Shiny
A2: Date | B2: Version | C2: Type | D2: Module / Zone | E2: Description | F2: PR / Commit
A3: 2026-02-26 | B3: V1.0 | C3: Majeure | D3: App globale | E3: V1 Shiny : lecture .ext + affichage RSE de base | F3: nan
A4: 2026-02-27 | B4: V1.1 | C4: Majeure | D4: Parsers R | E4: Script R lecture .ext + résumé prior NWPRI | F4: nan
A5: 2026-03-01 | B5: V2.0 | C5: Majeure | D5: App globale | E5: V2 Shiny : sidebar nav, upload multi-fichiers, onglets RSE/FIM/convergence | F5: nan
A6: 2026-03-05 | B6: V2.1 | C6: Mineure | D6: Module RSE | E6: Ajout plot waterfall RSE + export CSV | F6: nan
A7: 2026-03-08 | B7: V2.2 | C7: Fix | D7: Module upload | E7: Fix fileInput dans renderUI (ne pas mettre dans reactive modifié par handler) | F7: nan
A8: 2026-03-10 | B8: V2.3 | C8: Mineure | D8: Module FIM | E8: Heatmap FIM + corrélations | F8: nan
A9: 2026-03-12 | B9: V3.0 | C9: Majeure | D9: App globale | E9: V3 : architecture 13 modules, CSS variables, drawer, metric cards | F9: nan
A10: 2026-03-14 | B10: V3.1 | C10: Mineure | D10: Module exemples | E10: Intégration exemples Bauer 2021 (ex1-7) dans l'app | F10: nan
A11: 2026-03-16 | B11: V3.2 | C11: Fix | D11: Bootstrap | E11: Fix Bootstrap 3 : btn-default (shiny 1.7.1, pas btn-outline-secondary) | F11: nan
A12: 2026-03-18 | B12: V3.3 | C12: Mineure | D12: Module compare | E12: Comparaison multi-runs côte à côte | F12: nan
A13: 2026-03-20 | B13: V3.4 | C13: Mineure | D13: Module times | E13: Affichage temps optimaux depuis .tab | F13: nan
... A28: 2026-04-12 | B28: V5.1 | C28: Majeure | D28: App globale | E28: navbarPage migration (kill conditionalPanel+JS), Home two-column layout, Compare integre dans Home, settings_bar dans mod_times/mod_power, detect_method(), CSS cleanup. | F28: commit 3de476e

Sheet Reunions
A1: Historique des Reunions
A2: Date | B2: Participants | C2: Points abordés | D2: Décisions / Actions | E2: Prochaine réunion
A3: 2026-02-27 | B3: Abdallah + Elisa | C3: Script R - lecture fichier .ext
A4: 2026-03-02 | B4: Abdallah + Elisa | C4: Vérifier dernières guidances FDA/EMA sur
A5: 2026-03-06 | B5: Abdallah + Elisa | C5: $DESIGN frexa EFC18098 = éval sur NM
A6: 2026-03-15 | B6: Abdallah + Elisa | C6: App Shiny V4 post-processing $DESIGN
A7: 2026-03-18 | B7: Abdallah + Elisa | C7: Apply PhD , Apply M2, Apply Interships (+2)
A8: 2026-03-26 | B8: Abdallah + Elisa | C8: Exploration FIMTYPE × VARCROSS complète
A9: 2026-03-31 | B9: Abdallah + Elisa | C9: Exploration APPROX sur PSM (6 combinaiso
A10: 2026-04-01 | B10: Abdallah + Elisa | C10: Trick FOCEI (REPL+$SIM) : implémenté et , Taxonomie complète options $DESIGN (8 gr, CTS N=200 : validation RSE FIM vs empiri (+1)
A11: 2026-04-28 | B11: Abdallah + Elisa | C11: Positive control : répliquer sur warfari
A12: 26-févr | B12: Abdallah + Elisa | C12: Rédiger la méthodologie de recherche, Définir l'objectif de recherche, Réaliser l’évaluation du Frexa (+5)
